Week,HomeTeam,VisitorTeam,HomeWinProbability
Week 14,DET,GB,0.628225908930408
Week 14,MIA,NYJ,0.778946095564846
Week 14,MIN,ATL,0.7764944850861255
Week 14,NYG,NO,0.5849038268652679
Week 14,PHI,CAR,0.9647935929782353
Week 14,PIT,CLE,0.6869177346494738
Week 14,TB,LV,0.7032511090772969
Week 14,TEN,JAX,0.5143372894744098
Week 14,ARI,SEA,0.32877363522202235
Week 14,LA,BUF,0.15798256416026724
Week 14,SF,CHI,0.909111530520013
Week 14,KC,LAC,0.7810835999962146
Week 14,DAL,CIN,0.5080976075295158
